title,description,domain,subDomain,sector,severity
Dengue Prevention,Many residents are suffering from dengue because mosquitoes are breeding near stagnant water.,Healthcare,Disease Prevention,Public Health,Critical
Mosquito Problem,Stagnant water around the village is increasing mosquito breeding and disease risk.,Healthcare,Disease Prevention,Public Health,High
Disease Outbreak,Residents are reporting more mosquito-borne illness and need preventive measures.,Healthcare,Disease Prevention,Public Health,Low
Medical Facilities Problem,The village does not have a nearby medical centre and residents travel long distances for treatment.,Healthcare,Medical Facilities,Public Health,Critical
Medical Facilities Problem,The local health centre lacks enough beds and essential facilities for the population.,Healthcare,Medical Facilities,Public Health,Medium
Medical Facilities Problem,Residents have difficulty accessing basic medical facilities because the nearest hospital is far away.,Healthcare,Medical Facilities,Public Health,Critical
Maternal Health Problem,Pregnant women have difficulty reaching a health facility for regular checkups.,Healthcare,Maternal Health,Public Health,High
Maternal Health Problem,The local health centre does not provide sufficient maternal care and emergency support.,Healthcare,Maternal Health,Public Health,Critical
Maternal Health Problem,Expecting mothers must travel far for prenatal services and delivery-related medical assistance.,Healthcare,Maternal Health,Public Health,High
Diagnostics Problem,The health centre does not have enough diagnostic equipment for common medical tests.,Healthcare,Diagnostics,Public Health,Medium
Diagnostics Problem,Residents must travel to another town for blood tests and basic diagnostic services.,Healthcare,Diagnostics,Public Health,Critical
Diagnostics Problem,The local hospital has limited diagnostic facilities causing delays in treatment.,Healthcare,Diagnostics,Public Health,Medium
Damaged Road,Large potholes have developed on the main road and vehicles cannot travel safely.,Infrastructure,Road Maintenance,Infrastructure,Low
Pothole Problem,Several sections of the village road are damaged and require immediate repair.,Infrastructure,Road Maintenance,Infrastructure,High
Road Repair Needed,The road surface is broken and creates safety problems for pedestrians and two-wheelers.,Infrastructure,Road Maintenance,Infrastructure,Low
Bridge Maintenance Problem,The local bridge has damaged sections and residents are concerned about crossing it safely.,Infrastructure,Bridge Maintenance,Infrastructure,Critical
Bridge Maintenance Problem,Cracks and damaged railings have appeared on the bridge used every day.,Infrastructure,Bridge Maintenance,Infrastructure,Medium
Bridge Maintenance Problem,The bridge requires repair because its structure has deteriorated.,Infrastructure,Bridge Maintenance,Infrastructure,Critical
Public Buildings Problem,The government building has damaged walls and requires structural maintenance.,Infrastructure,Public Buildings,Infrastructure,High
Public Buildings Problem,The community building has a leaking roof and damaged flooring.,Infrastructure,Public Buildings,Infrastructure,Low
Public Buildings Problem,The public service building has deteriorated facilities and is difficult to use.,Infrastructure,Public Buildings,Infrastructure,High
Street Lighting Problem,Several street lights are not working and the road becomes dark at night.,Infrastructure,Street Lighting,Infrastructure,Medium
Street Lighting Problem,The residential area has insufficient street lighting after sunset.,Infrastructure,Street Lighting,Infrastructure,Critical
Street Lighting Problem,Broken street lamps are making roads and public areas unsafe at night.,Infrastructure,Street Lighting,Infrastructure,Medium
Air Quality Problem,Smoke from nearby activities is causing poor air quality around the residential area.,Environment,Air Quality,Environment,Low
Air Quality Problem,Residents complain about dust and smoke affecting breathing conditions.,Environment,Air Quality,Environment,High
Air Quality Problem,Air pollution has increased near the road because of dust and vehicle emissions.,Environment,Air Quality,Environment,Low
Water Pollution Problem,Wastewater is entering the local pond and causing water pollution.,Environment,Water Pollution,Environment,Critical
Water Pollution Problem,Industrial discharge is affecting the quality of water in the nearby stream.,Environment,Water Pollution,Environment,Medium
Water Pollution Problem,Dirty wastewater is being released into a public water body.,Environment,Water Pollution,Environment,Critical
Climate Resilience Problem,The area experiences severe summer heat and needs measures to reduce heat exposure.,Environment,Climate Resilience,Environment,High
Climate Resilience Problem,Heavy rainfall frequently damages local roads and houses.,Environment,Climate Resilience,Environment,Low
Climate Resilience Problem,The village is increasingly affected by extreme weather and lacks protective infrastructure.,Environment,Climate Resilience,Environment,High
Biodiversity Problem,Illegal cutting of trees is reducing green cover around the village.,Environment,Biodiversity,Environment,Medium
Biodiversity Problem,The local wetland is being damaged and wildlife habitat is disappearing.,Environment,Biodiversity,Environment,Critical
Biodiversity Problem,Loss of vegetation is affecting local birds and other wildlife.,Environment,Biodiversity,Environment,Medium
Teacher Availability Problem,The government school does not have enough teachers for all enrolled students.,Education,Teacher Availability,Education Services,Low
Teacher Availability Problem,Several classes are combined because the school has a shortage of teachers.,Education,Teacher Availability,Education Services,High
Teacher Availability Problem,Students are missing lessons because vacant teaching positions are not filled.,Education,Teacher Availability,Education Services,Low
School Facilities Problem,The school has insufficient working toilets and basic facilities.,Education,School Facilities,Education Services,Critical
School Facilities Problem,Classrooms have damaged furniture and require essential repairs.,Education,School Facilities,Education Services,Medium
School Facilities Problem,"Students lack adequate desks, fans and safe toilets.",Education,School Facilities,Education Services,Critical
School Access Problem,Children in the remote settlement have difficulty reaching the nearest school.,Education,School Access,Education Services,High
School Access Problem,Students travel a long distance to attend school because there is no nearby facility.,Education,School Access,Education Services,Low
School Access Problem,Poor transport connectivity makes regular school attendance difficult.,Education,School Access,Education Services,High
Digital Learning Problem,The school has insufficient computers and internet access for digital learning.,Education,Digital Learning,Education Services,Medium
Digital Learning Problem,Students cannot attend online lessons reliably because internet connectivity is poor.,Education,Digital Learning,Education Services,Critical
Digital Learning Problem,Teachers need digital equipment and connectivity for computer-based learning.,Education,Digital Learning,Education Services,Medium
Irrigation Problem,Farmers do not receive enough irrigation water during the dry season.,Agriculture,Irrigation,Agriculture,Low
Irrigation Problem,The irrigation canal is damaged and fields are not receiving sufficient water.,Agriculture,Irrigation,Agriculture,High
Irrigation Problem,Farmers depend on irregular water supply and crops are affected during dry periods.,Agriculture,Irrigation,Agriculture,Low
Crop Protection Problem,A pest attack is damaging crops across several farms.,Agriculture,Crop Protection,Agriculture,Critical
Crop Protection Problem,Farmers are reporting crop disease that is reducing production.,Agriculture,Crop Protection,Agriculture,Medium
Crop Protection Problem,Insects are spreading across fields and causing significant crop losses.,Agriculture,Crop Protection,Agriculture,Critical
Post-Harvest Problem,Farmers are losing produce because there is no proper storage facility.,Agriculture,Post-Harvest,Agriculture,High
Post-Harvest Problem,Fresh crops are getting damaged because the village lacks cold storage.,Agriculture,Post-Harvest,Agriculture,Low
Post-Harvest Problem,Farmers have difficulty storing harvested produce safely.,Agriculture,Post-Harvest,Agriculture,High
Market Access Problem,Farmers have difficulty reaching markets and are receiving low prices.,Agriculture,Market Access,Agriculture,Medium
Market Access Problem,The village lacks reliable transport for taking agricultural products to markets.,Agriculture,Market Access,Agriculture,Critical
Market Access Problem,Farmers depend on middlemen because direct market access is limited.,Agriculture,Market Access,Agriculture,Medium
Public Transport Problem,Residents have very limited bus services to reach nearby towns.,Transportation,Public Transport,Urban Mobility,Low
Public Transport Problem,Students and workers face difficulty travelling because bus services are insufficient.,Transportation,Public Transport,Urban Mobility,High
Public Transport Problem,The village has only a few buses each day and residents are often stranded.,Transportation,Public Transport,Urban Mobility,Low
Traffic Management Problem,A busy junction has frequent traffic conflicts because proper signals are unavailable.,Transportation,Traffic Management,Urban Mobility,Critical
Traffic Management Problem,Traffic congestion occurs every day near the market because vehicle movement is poorly managed.,Transportation,Traffic Management,Urban Mobility,Medium
Traffic Management Problem,The main junction needs better traffic control to reduce delays.,Transportation,Traffic Management,Urban Mobility,Critical
Road Safety Problem,Vehicles travel at high speed near the school and pedestrians are at risk.,Transportation,Road Safety,Urban Mobility,High
Road Safety Problem,There are frequent near-misses because road safety measures are inadequate.,Transportation,Road Safety,Urban Mobility,Low
Road Safety Problem,The main road lacks proper pedestrian crossings and creates safety concerns.,Transportation,Road Safety,Urban Mobility,High
Last-Mile Access Problem,Residents in the outer settlement have difficulty reaching the nearest bus stop.,Transportation,Last-Mile Access,Urban Mobility,Medium
Last-Mile Access Problem,People in the remote area lack convenient transport for short trips to public services.,Transportation,Last-Mile Access,Urban Mobility,Critical
Last-Mile Access Problem,The final connection between the village and main transport route is poorly served.,Transportation,Last-Mile Access,Urban Mobility,Medium
Water Shortage,Residents do not receive enough drinking water for their daily needs.,Water,Water Supply,Public Utilities,Critical
Irregular Water Supply,The village water supply is irregular and households often remain without water.,Water,Water Supply,Public Utilities,High
Drinking Water Problem,Several residential areas receive water only for a short period each day.,Water,Water Supply,Public Utilities,Low
Water Quality Problem,Drinking water supplied to residents appears contaminated and unsafe.,Water,Water Quality,Public Utilities,Critical
Water Quality Problem,Residents are concerned about the quality of water from the public supply.,Water,Water Quality,Public Utilities,Medium
Water Quality Problem,Water samples from the local supply are suspected to have contamination problems.,Water,Water Quality,Public Utilities,Critical
Water Distribution Problem,A damaged pipeline is causing continuous water leakage in the residential area.,Water,Water Distribution,Public Utilities,High
Water Distribution Problem,Broken water pipes are reducing supply pressure to several households.,Water,Water Distribution,Public Utilities,Low
Water Distribution Problem,The distribution network has frequent leaks and water is being wasted.,Water,Water Distribution,Public Utilities,High
Groundwater Problem,The groundwater level has fallen and wells are difficult to use during summer.,Water,Groundwater,Public Utilities,Medium
Groundwater Problem,Farmers and households are reporting declining groundwater availability.,Water,Groundwater,Public Utilities,Critical
Groundwater Problem,Several wells have dried up because the groundwater level has decreased.,Water,Groundwater,Public Utilities,Medium
Power Distribution Problem,Frequent faults in the electricity distribution system are causing repeated power cuts.,Energy,Power Distribution,Public Utilities,Low
Power Distribution Problem,A transformer failure is causing repeated electricity interruptions.,Energy,Power Distribution,Public Utilities,High
Power Distribution Problem,Residents experience unstable electricity supply because of local distribution faults.,Energy,Power Distribution,Public Utilities,Low
Energy Access Problem,Several households in the remote settlement do not have reliable electricity access.,Energy,Energy Access,Public Utilities,Critical
Energy Access Problem,Some homes are still waiting for a stable electricity connection.,Energy,Energy Access,Public Utilities,Medium
Energy Access Problem,Residents in the outer area have limited access to the electricity network.,Energy,Energy Access,Public Utilities,Critical
Renewable Energy Problem,The community wants renewable energy because electricity supply is unreliable.,Energy,Renewable Energy,Public Utilities,High
Renewable Energy Problem,A public building could benefit from solar power to reduce grid dependence.,Energy,Renewable Energy,Public Utilities,Low
Renewable Energy Problem,Residents are seeking solar energy solutions for essential community services.,Energy,Renewable Energy,Public Utilities,High
Efficiency Problem,Public buildings use old electrical equipment that consumes excessive energy.,Energy,Efficiency,Public Utilities,Medium
Efficiency Problem,Public lighting is inefficient and increases electricity consumption.,Energy,Efficiency,Public Utilities,Critical
Efficiency Problem,The community wants to reduce electricity waste through efficient equipment.,Energy,Efficiency,Public Utilities,Medium
Emergency Response Problem,Residents have difficulty getting emergency services quickly during accidents.,Public Safety,Emergency Response,Governance,Critical
Emergency Response Problem,The area lacks a nearby emergency response facility.,Public Safety,Emergency Response,Governance,Critical
Emergency Response Problem,Emergency vehicles take too long to reach the village.,Public Safety,Emergency Response,Governance,Critical
Disaster Management Problem,The village lacks a clear emergency plan for floods and natural disasters.,Public Safety,Disaster Management,Governance,Critical
Disaster Management Problem,Residents need evacuation support and disaster preparedness before the monsoon.,Public Safety,Disaster Management,Governance,Critical
Disaster Management Problem,The community has insufficient disaster warning and response arrangements.,Public Safety,Disaster Management,Governance,Critical
Crime Prevention Problem,Residents are concerned about repeated thefts and limited night patrols.,Public Safety,Crime Prevention,Governance,High
Crime Prevention Problem,The neighborhood has experienced several theft incidents and needs better security.,Public Safety,Crime Prevention,Governance,Low
Crime Prevention Problem,People are requesting improved security around public areas.,Public Safety,Crime Prevention,Governance,High
Lighting Safety Problem,Dark streets near the bus stop create safety concerns at night.,Public Safety,Lighting Safety,Governance,Medium
Lighting Safety Problem,Poor lighting around public spaces makes residents feel unsafe after sunset.,Public Safety,Lighting Safety,Governance,Critical
Lighting Safety Problem,The area near the market lacks adequate lighting and visibility.,Public Safety,Lighting Safety,Governance,Medium
Citizen Services Problem,Residents have difficulty accessing government services online.,Digital Governance,Citizen Services,Governance,Low
Citizen Services Problem,Citizens cannot easily track the status of government service requests online.,Digital Governance,Citizen Services,Governance,High
Citizen Services Problem,The online citizen service process is difficult to use.,Digital Governance,Citizen Services,Governance,Low
Data Systems Problem,A government office uses separate records and staff have difficulty finding updated information.,Digital Governance,Data Systems,Governance,Critical
Data Systems Problem,Public service records are not synchronized and data duplication causes delays.,Digital Governance,Data Systems,Governance,Medium
Data Systems Problem,The department needs a better digital system to manage service records.,Digital Governance,Data Systems,Governance,Critical
Digital Access Problem,Residents have limited internet access for online government services.,Digital Governance,Digital Access,Governance,High
Digital Access Problem,Poor connectivity prevents citizens from completing digital applications.,Digital Governance,Digital Access,Governance,Low
Digital Access Problem,People in the remote area need better internet access for public services.,Digital Governance,Digital Access,Governance,High
Transparency Problem,Residents cannot easily see the status of public service requests.,Digital Governance,Transparency,Governance,Medium
Transparency Problem,Citizens need clearer information about government project progress.,Digital Governance,Transparency,Governance,Critical
Transparency Problem,The public has limited access to information about local government activities.,Digital Governance,Transparency,Governance,Medium
Drainage Problem,Open drains are causing unhygienic conditions near residential houses.,Sanitation,Drainage,Sanitation,Low
Drainage Problem,Blocked drains are causing dirty water to collect on streets.,Sanitation,Drainage,Sanitation,High
Drainage Problem,The drainage system is inadequate and wastewater remains near homes.,Sanitation,Drainage,Sanitation,Low
Toilets Problem,The public toilet facility is damaged and cannot be used properly.,Sanitation,Toilets,Sanitation,Critical
Toilets Problem,Residents lack sufficient clean public toilets in the market area.,Sanitation,Toilets,Sanitation,Medium
Toilets Problem,The community toilet needs repair and regular maintenance.,Sanitation,Toilets,Sanitation,Critical
Hygiene Problem,Public areas are not cleaned regularly and unhygienic conditions are developing.,Sanitation,Hygiene,Sanitation,High
Hygiene Problem,The market area has poor hygiene because cleaning is irregular.,Sanitation,Hygiene,Sanitation,Low
Hygiene Problem,Residents are concerned about unhygienic conditions around public facilities.,Sanitation,Hygiene,Sanitation,High
Wastewater Problem,Wastewater from households is flowing onto the public road.,Sanitation,Wastewater,Sanitation,Medium
Wastewater Problem,Untreated wastewater is collecting near houses.,Sanitation,Wastewater,Sanitation,Critical
Wastewater Problem,The local wastewater system is inadequate and dirty water enters public spaces.,Sanitation,Wastewater,Sanitation,Medium
Garbage Collection,Household garbage is not collected regularly and is piling up.,Waste Management,Collection,Sanitation,Low
Uncollected Waste,Waste collection vehicles do not visit the neighborhood regularly.,Waste Management,Collection,Sanitation,High
Waste Pickup Problem,Residents leave garbage outside because collection services are irregular.,Waste Management,Collection,Sanitation,Low
Segregation Problem,Households are mixing wet and dry waste because there is no proper segregation system.,Waste Management,Segregation,Sanitation,Critical
Segregation Problem,The community needs separate waste bins for different types of waste.,Waste Management,Segregation,Sanitation,Medium
Segregation Problem,"Waste is not separated at source, making collection difficult.",Waste Management,Segregation,Sanitation,Critical
Recycling Problem,Recyclable materials are being dumped with other waste.,Waste Management,Recycling,Sanitation,High
Recycling Problem,The community lacks a convenient system for collecting recyclable materials.,Waste Management,Recycling,Sanitation,Low
Recycling Problem,Plastic and other recyclable waste is being discarded instead of recovered.,Waste Management,Recycling,Sanitation,High
Composting Problem,Organic household waste is being dumped even though it could become compost.,Waste Management,Composting,Sanitation,Medium
Composting Problem,The community needs a composting facility for food and garden waste.,Waste Management,Composting,Sanitation,Critical
Composting Problem,Food waste is accumulating because there is no local composting arrangement.,Waste Management,Composting,Sanitation,Medium
